{
  "project_info": {
    "project_number": "182698192900",
    "project_id": "suwonfood-4279d",
    "storage_bucket": "suwonfood-4279d.appspot.com"
  },
  "client": [
    {
      "client_info": {
        "mobilesdk_app_id": "1:182698192900:android:5da81bbfaa6a662bbe0551",
        "android_client_info": {
          "package_name": "com.cookandroid.suwonpractice3"
        }
      },
      "oauth_client": [
        {
          "client_id": "182698192900-r81qk1jb1o6g865fivot6ccqk6bm34hl.apps.googleusercontent.com",
          "client_type": 3
        }
      ],
      "api_key": [
        {
          "current_key": "AIzaSyCj1OZqD6YBVvr1mBjtfFsBtFlSo_F7AU0"
        }
      ],
      "services": {
        "appinvite_service": {
          "other_platform_oauth_client": [
            {
              "client_id": "182698192900-r81qk1jb1o6g865fivot6ccqk6bm34hl.apps.googleusercontent.com",
              "client_type": 3
            }
          ]
        }
      }
    }
  ],
  "configuration_version": "1"
}