{
  "project_info": {
    "project_number": "460210926411",
    "project_id": "suwonfood-5a86d",
    "storage_bucket": "suwonfood-5a86d.appspot.com"
  },
  "client": [
    {
      "client_info": {
        "mobilesdk_app_id": "1:460210926411:android:cdc9f4f3b78b9233706ece",
        "android_client_info": {
          "package_name": "com.cookandroid.suwonpractice3"
        }
      },
      "oauth_client": [
        {
          "client_id": "460210926411-duh1gslriqm08lpv5i3mb8og2pp4qf8d.apps.googleusercontent.com",
          "client_type": 3
        }
      ],
      "api_key": [
        {
          "current_key": "AIzaSyACHRCEcgDP1dAxCf3_MXcnDdysZ2MPauQ"
        }
      ],
      "services": {
        "appinvite_service": {
          "other_platform_oauth_client": [
            {
              "client_id": "460210926411-duh1gslriqm08lpv5i3mb8og2pp4qf8d.apps.googleusercontent.com",
              "client_type": 3
            }
          ]
        }
      }
    }
  ],
  "configuration_version": "1"
}